randonnée,
jardinage,
pêcheur,
photographie,
cuisinier,
cyclisme,
voyage,
danse,
peinture,
poterie,
cinéma,
yoga,
guitariste,
pianiste,
plongée sous-marine,
volontariat,
lecture,
théâtre,
échecs,
gamer,
podcasts,
écriture,
musées,
golf,
tennis,
natation,
escalade,
artisanat,
tricot,
course à pied,
badminton,
bowling,
pilates,
kayak,
planche à voile,
voile,
surf,
calligraphie,
dessin,
sculpture,
astronomie,
philatélie,
judo,
karaté,
crossfit,
boxe,
jonglerie,
magie,
roller,
patinage sur glace,
méditation,
pétanque,
équitation,
vélo de montagne,
volleyball,
basketball,
football,
baseball,
poésie,
philosophie,
langues étrangères,
développement personnel,
mots croisés,
histoire,
généalogie,
programmation,
cultures du monde,
nouvelles,
blogging,
critiques littéraires,
conférences,
musique classique,
clubs de lecture,
recherche amateur,
psychologie,
débats,
groupes de réflexion,
casse-têtes

