MARTIN,
BERNARD,
DUBOIS,
THOMAS,
ROBERT,
RICHARD,
MOREAU,
SIMON,
LAURENT,
LEFEBVRE,
MARTINEZ,
FOURNIER,
LEROY,
ROUX,
DAVID,
BERTRAND,
GIRARD,
MOREL,
GARNIER,
FONTAINE,
ROUSSEAU,
VINCENT,
MULLER,
LEFEVRE,
FAURE,
ANDRE,
MERCIER,
BLANC,
GUERIN,
BOYER,
GALLEGO,
GERARD,
CHEVALIER,
FRANCOIS,
LECLERC,
BOURGEOIS,
LAMBERT,
PERRIN,
JOLY,
RENARD,
DUFOUR,
GAUTHIER,
GONZALEZ,
LUCAS,
HENRY,
ROUSSEL,
BONNET,
LACROIX,
GILBERT,
LEMARCHAND,
CARON,
PICARD,
LEMAIRE,
RAYNAUD,
CHARLES,
PRUVOST,
GROS,
LOPEZ,
DUPONT,
COLIN,
ROGER,
GERMAIN,
BRUNET,
GAILLARD,
BARBIER,
ROLLAND,
ROCHE,
CLEMENT,
LEMAITRE,
GUILLAUME,
PONS,
AUBERT,
GARCIA,
BONNARD,
LE GALL,
PERRIER,
CLERC,
RIVIERE,
GUYOT,
FLEURY,
RAFFIN,
LEVEQUE,
BENOIT,
BERGER,
LAFONT,
HUBERT,
BOUCHER,
LEFORT,
VASSEUR,
LEVEQUE,
MORIN,
HUGUET,
DUVAL,
GUILLOT,
CHAUVEAU,
LOUIS,
CHARRON,
CHOISY,
DUFRESNE,
SEGUIN,
BENOIST,
BORDIER,
POIRIER,
LAFORGE,
NORMAND,
MARTY,
LANGLAIS,
MANGIN,
LASSALLE,
BAILLY,
PEREZ,
CHATELAIN,
BRETON,
RENAUDIN,
GUILLOU,
DORANGE,
MOURET,
VIAL,
MONIER,
RENAULT,
BARON,
ESPOSITO,
CLAUDE,
MASSON,
GIROUX,
DUMAS,
CARPENTIER,
TESSIER,
GUY,
BOURDON,
NIVET,
MACE,
MEYER,
HUMBLOT,
BERTHIER,
LECLERE,
LEMEE,
COTTIN,
PELLETIER,
RICARD,
BERGERON,
MORELLI,
MORAND,
GENET,
GUILLEMIN,
JEANNE,
MARIN,
LAFOND,
MACE,
GERVAIS,
MAHE,
AUBRY,
KLEIN,
PINAULT,
TURPIN,
TREMBLAY,
REMOND,
NOURRY,
DAUPHIN,
LAMARRE,
DENOYELLE,
CAILLET,
BLOT,
LEBEAU,
SALMON,
LANGLOIS,
COUDERT,
GERARDIN,
CHARBONNIER,
COUDERC,
LAUNAY,
GAUTHIER,
PIGEON,
MANGEL,
GROSS,
MOLLIER,
LABBE,
PRUVOT,
DENIS,
MARTIN,
BERNARD,
DUBOIS,
THOMAS,
ROBERT,
RICHARD,
PETIT,
MOREAU,
LAURENT,
SIMON,
MICHEL,
LEFEBVRE,
LEROY,
ROUSSEAU,
DAVID,
BERTRAND,
ROUX,
VINCENT,
FLEURY,
LAMBERT,
FONTAINE,
GIRARD,
MOREL,
GARNIER,
GARCIA,
BONNET,
CHEVALIER,
FRANCOIS,
LECLERC,
LUCAS,
MEYER,
MARCHAND,
BLANC,
BOYER,
GAUTHIER,
MULLER,
ROGER,
MARTINEZ,
RENOU,
LEGRAND,
GUILLOT,
FAURE,
PICARD,
LECOMTE,
LACROIX,
GONZALES,
GUERIN,
DUVAL,
DENIS,
ROYER,
FABRE,
CLAUDE,
COLIN,
AUBERT,
FONTAINES,
BARBIER,
PERRIN,
REY,
GAUTIER,
MASSON,
CHARLES,
BENOIT,
CARRÉ,
NAVIER,
PAYET,
CHAUVIN,
LEMARIE,
LOPES,
BRETON,
BOUTIN,
GUILLAUME,
HERVÉ,
LE GOFF,
MATHIEU,
CHARLOT,
COLLET,
LEMOINE,
OLIVIER,
HUBERT,
GAY,
BAILLY,
BONNIN,
BOUCHER,
LEPAGE,
LEJEUNE,
LÉVY,
MAHE,
POTIER,
ROUSSELLE,
TANGUY,
VAN DER VEEN,
VIEIRA,
BARON,
BESNARD,
BOISSEL,
BOUTARD,
BROCHARD,
CAMPION,
CHARRON,
DAGONET,
DA SILVA,
DROUIN,
DURIEU,
DUSSART,
FAIVRE,
GAUTHIERE,
GUILLAUMIN,
GUYOT,
HOUSSIN,
JOUAN,
LAUNAY,
LAUREYS,
LE CHENADÈC,
LEFEBURE,
LEJEUNE-DALMAS,
LHOTELLIER,
MARCHAL,
MAZURIER,
MÉNARD,
PACAUD,
PELISSIER,
PERIN,
PRADEL,
QUINTARD,
ROUILLE,
SOULARD,
TOURRETTE,
VEYSSIERE,
YVON,
ABRAHAM,
BACH,
BAILLEUL,
BARILLET,
BART,
BASTIDE,
BAUDRY,
BELLAMY,
BELMONDO,
BENARD,
BERANGER,
BERNADOU,
BERTAUD,
BERTIN,
BEUCHER,
BLANCHE,
BLONDEL,
BODINIER,
BONIN,
BOUFFARD,
BOURGOIN,
BOURGUIGNON,
BOUTET,
BREANT,
BREJON,
BRUNETEAU,
BURON,
CABANIS,
CAGNAC,
CAPITAINE,
CARETTE,
CAROFF,
CARTIER,
CASSEL,
CAZAUX,
CHAIGNEAU,
CHAINEAU,
CHALOPIN,
CHAPON,
CHAUVET,
CHERRIER,
CHESNEAU,
CHEVAL,
CHEVALERIAS,
CHEVENEMENT,
CHOLET,
CLAVEAU,
CLERC,
LEROY,
DUBOIS,
MARTIN,
BERNARD,
THOMAS,
ROUSSEAU,
DURAND,
GIRARD,
MOREAU,
SIMON,
LAURENT,
LAFONT,
BONNET,
FONTAINE,
ROUX,
HENRY,
DUVAL,
ROGER,
LEFEBVRE,
ROBIN,
RENARD,
MORIN,
GAUTHIER,
GARNIER,
CLEMENT,
NICOLAS,
HENRY,
ROGER,
FABRE,
JOLY,
AUBERT,
DUFOUR,
MOREL,
GARCIA,
CARON,
BOYER,
BARBIER,
MATHIEU,
BLANC,
GUILLOT,
CHEVALIER,
COLIN,
LECLERC,
BENOIT,
GUERIN,
ROGER,
BONNET,
PHILIPPE,
LEMAIRE,
RENAUD,
MERCIER,
BOURGEOIS,
FAURE,
FAVRE,
LECOMTE,
CHARPENTIER,
PERRIN,
ARCHER,
HUMBLET,
PELISSIER,
PERRIER,
THOMASSIN,
MONTAGNE,
PINOT,
COTTIN,
LE GOFF,
JACQUOT,
GERARD,
LEROI,
BARRAUD,
GUYOT,
PLANCHETTE,
LECLERCQ,
JAMET,
DESCHAMPS,
ROUSSEL,
MERLIN,
LEBLANC,
MAHE,
DUCROCQ,
RAIMBAULT,
DELATTRE,
DELAMARE,
PIQUET,
GILBERT,
VERDIER,
BAILLY,
BESNIER,
GUILLEMIN,
DURIEUX,
HUBERT,
DUPUIS,
BOULET,
PRUVOST,
POIRIER,
GUILLAUME,
LUCAS,
GARNIER,
BEAUCHAMP,
POTIER,
LENOIR,
MARIE,
RAULT,
BARRÉ,
LEROYER,
LÉVÊQUE,
HUREL,
POULAIN,
LEFEVRE,
MASSON,
GALLOIS,
JOUAN,
MARCHAND,
DUHAMEL,
LOUIS,
PERNET,
BRUNET,
GEORGET,
FERREIRA,
COUTURIER,
PICHON,
VALENTIN,
DEBREUILLE,
LANGLOIS,
MOINE,
BODIN,
ARNOULD,
BAILLARGEON,
LEVESQUE,
PRUDHOMME,
DUTIL,
LÉVESQUE,
CORMIER,
TREMBLAY,
ROCHETTE,
BÉLANGER,
GOSSELIN,
ROYER,
SÉGUIN,
DUCHARME,
BOISSONNEAULT,
BERGERON,
ROBITAILLE,
THÉRIAULT,
DIONNE,
MENARD,
BRAULT,
LEBEAU,
PERRIER,
CHARPENTIER,
BONNET,
BOURDIN,
FONTAINE,
HENRY,
LEGRAND,
ALLAIN,
LEFEBVRE,
LEMAIRE,
PICARD,
ROUSSEAU,
ROYER,
BLANC,
COUTURIER,
JACOB,
JOLY,
MARCHAND,
MOREAU,
SIMON,
BOUCHER,
CHEVALIER,
CLERC,
COLIN,
DUPUIS,
GILBERT,
GOUPIL,
HUBERT,
MASSON,
ROLLAND,
VANIER,
BARRAUD,
BOUVIER,
CARON,
CHARLES,
DAVID,
DELACROIX,
GONCALVES,
GUILLAUME,
HAMELIN,
LAFOND,
LANGLOIS,
LAVOIE,
MARTINEZ,
NICOLAS,
RICHARD,
ROBERTSON,
THIBAULT,
VASSEUR,
AUBRY,
CLEMENT,
CLOUTIER,
COUSINEAU,
DUFRESNE,
FORTIER,
GAGNON,
GARON,
LAMONTAGNE,
LAROCQUE,
LAVIGNE,
LEMAISTRE,
MILLETTE,
PERREAULT,
POMMIER,
QUENTIN,
RENAUD,
ROYAL,
TARDIF,
TREMBLAY,
VINCENT,
BERTIN,
BOUDET,
CAMUS,
CHERON,
COULON,
DESMARAIS,
DOUCET,
GALLOIS,
GUILLOT,
HOARAU,
LAPORTE,
LEBLOND,
LEDUC,
MILLET,
MONET,
RACINE,
RIOU,
SEIGNEUR,
TOUSSAINT
