LEO,
GABRIEL,
RAPHAEL,
ARTHUR,
LOUIS,
JULES,
MAEL,
ADAM,
LUCAS,
HUGO,
NOAH,
LIAM,
GABIN,
SACHA,
EDEN,
PAUL,
ETHAN,
NATHAN,
AARON,
MOHAMED,
TOM,
LEON,
NOE,
NAEL,
THEO,
TIAGO,
ISAAC,
MARIUS,
VICTOR,
AYDEN,
MARTIN,
MATHIS,
TIMEO,
AXEL,
ROBIN,
ENZO,
ELIOTT,
MARCEAU,
VALENTIN,
NINO,
NOLAN,
MALO,
MILO,
ANTOINE,
SAMUEL,
AUGUSTIN,
AMIR,
LYAM,
RAYAN,
IBRAHIM,
YANIS,
GASPARD,
MATHEO,
SOHAN,
CLEMENT,
ISMAEL,
EVAN,
SIMON,
BAPTISTE,
MAXENCE,
IMRAN,
KAIS,
COME,
ELIO,
SOAN,
MAXIME,
CAMILLE,
ALEXANDRE,
OWEN,
RAFAEL,
LENNY,
PABLO,
ILYES,
MATTEO,
LEANDRE,
NAIM,
ILYAN,
THOMAS,
DIEGO,
MALONE,
JOSEPH,
OSCAR,
NOA,
ANDREA,
NOAM,
LIVIO,
CHARLIE,
CHARLY,
BASILE,
MILAN,
ALI,
ANAS,
LOGAN,
EZIO,
ALESSIO,
MATHYS,
ESTEBAN,
WILLIAM,
TIMOTHEE,
ADEM,
AUGUSTE,
AYOUB,
WASSIM,
YOUNES,
YOUSSEF,
MARIN,
CHARLES,
ROMEO,
KYLIAN,
MILANN,
ADRIEN,
MAHE,
ISSA,
THIAGO,
EMILE,
ALEXIS,
JEAN,
AYLAN,
DAVID,
ABEL,
ELIAS,
ANTONIN,
SANDRO,
HAMZA,
LUCIEN,
KENZO,
LEANDRO,
NOHAM,
LEONARD,
MAE,
LORENZO,
KAYDEN,
ACHILLE,
BENJAMIN,
MATEO,
NATHANAEL,
MAYRON,
AMINE,
JULIAN,
HAYDEN,
AHMED,
NAHIL,
MATHIAS,
LOUKA,
FELIX,
YASSINE,
KASSIM,
ZAKARIA,
SASHA,
ELIE,
GIANNI,
HAROUN,
MYLAN,
RUBEN,
ULYSSE,
AYMEN,
EWEN,
AMAURY,
MOUSSA,
MARCEL,
SWAN,
PIERRE,
NASSIM,
ARMAND,
LINO,
BASTIEN,
ALBAN,
MAYLONE,
IDRISS,
ZAYN,
JAYDEN,
GUSTAVE,
ELIOT,
SWANN,
ARSENE,
CESAR,
ILYAS,
DANIEL,
TIMOTHE,
LUCA,
OCTAVE,
ELYO,
JAMES,
LOAN,
ILAN,
JOSHUA,
MOHAMMED,
LEOPOLD,
MYLANN,
JAD,
DJIBRIL,
EDOUARD,
MARLON,
NICOLAS,
LUKA,
LENY,
GAEL,
THIBAULT,
ANATOLE,
HECTOR,
IYAD,
KAMIL,
EYDEN,
BILAL,
MEHDI,
EMILIO,
HENRI,
SAMY,
OMAR,
GIULIAN,
ELLIOT,
SOULEYMANE,
ANGE,
DYLAN,
CORENTIN,
MARLEY,
ISMAIL,
TYMEO,
JONAS,
SAMI,
EZRA,
NAHEL,
ERWAN,
FARES,
TRISTAN,
EMMANUEL,
MANOE,
ENAEL,
ANIS,
NAIL,
MAMADOU,
SOULEYMAN,
ALOIS,
WAEL,
LORIS,
MARCUS,
GASTON,
ISSAM,
TAO,
LOIS,
RYAN,
TYLIO,
CELESTIN,
JOHAN,
ISAIAH,
MALIK,
LOUISON,
QASSIM,
AUBIN,
SOLAL,
TIM,
MILHAN,
YACINE,
JASSIM,
EMIR,
ALEX,
THEODORE,
QUENTIN,
IMRANE,
GAUTHIER,
WARREN,
ERNEST,
BRYAN,
ROMAIN,
IMRI‚N,
JULIEN,
MAELAN,
SAM,
TITOUAN,
MATHIEU,
GEORGES,
TILIO,
MAYLON,
ELOI,
JESSIM,
CAMERON,
SOFIANE,
ELIJAH,
ELYAS,
IYED,
JULIANN,
ANGELO,
AIDEN,
LEWIS,
LOHAN,
KEVIN,
KHALIL,
ZACK,
ZAYD,
LISANDRO,
JOACHIM,
NOLHAN,
ISAIAH,
MALONN,
SOEN,
YOUSSOUF,
TONY,
WYATT,
DARIO,
PAOLO,
LENZO,
NEO,
LUIS,
JUSTIN,
FABIO,
SELIM,
RAYANE,
ADEL,
SALIM,
YUSUF,
LILIAN,
ELI,
ROMAN,
AMBROISE,
MAX,
MORGAN,
TEO,
LOUP,
ABDALLAH,
SOREN,
ANTON,
MARC,
ADRIAN,
ISHAQ,
ALIX,
ABDOULAYE,
YAEL,
MUHAMMAD,
LILIO,
LOU,
JORDAN,
EDGAR,
OUSMANE,
TOMMY,
NOLANN,
TYLER,
AURELE,
JIBRIL,
YANN,
NATHAEL,
ILLAN,
AKSEL,
ANDREAS,
MATTHIEU,
ZIYAD,
LUKAS,
HARRY,
MATTIA,
ILIAN,
NILS,
THIBAUT,
GIOVANNI,
ZAKARIYA,
BILEL,
EZEKIEL,
CAYDEN,
YASSER,
YLAN,
YOUCEF,
YAHYA,
TINO,
DORIAN,
YAZID,
ISMAIL,
MARWAN,
JOUD,
ARON,
ZACHARIE,
VADIM,
LOWEN,
GAETAN,
SOANN,
MICKAEL,
SIMEON,
RIYAD,
WESLEY,
ENES,
AYAZ,
MAHDI,
ALAN,
MOUHAMED,
ANDY,
TELIO,
KARIM,
IDRIS,
KELYAN,
ELOAN,
MIGUEL,
AYAN,
WALID,
OUMAR,
EZECHIEL,
JADEN,
IBRAHIMA,
PACO,
CELIAN,
LOIC,
NELSON,
JACOB,
HIPPOLYTE,
THIMEO,
YASSIN,
TOBIAS,
EYMEN,
CHAHINE,
ILHAN,
ABOUBACAR,
ISHAK,
MIRAN,
ELOUAN,
ZAKARYA,
PIO,
LEONARDO,
KAYLAN,
JASON,
ANES,
THEOPHILE,
SOULAYMAN,
LUBIN,
EWENN,
THYMEO,
MAYLONN,
ETIENNE,
THELIO,
ZIAD,
KENAN,
SAFWAN,
MYLO,
MAYLAN,
CLOVIS,
MATTHIAS,
ANGEL,
PHARELL,
STANISLAS,
UGO,
HELIOS,
JONATHAN,
ISLEM,
TIMAEL,
PAULIN,
LEEROY,
EREN,
HARON,
ELLIOTT,
KAYS,
TIMAE,
LEVI,
AYMAN,
AYDAN,
STAN,
ADAMA,
DIMITRI,
SANTIAGO,
CALEB,
AURELIEN,
ANTHONY,
MARCO,
LYSANDRE,
LISSANDRO,
EMILIEN,
LUCIANO,
JACQUES,
AMAEL,
ALEC,
ANTONIO,
TAYRON,
YASSIR,
MATIAS,
MAXIMILIEN,
REMI,
KYLE,
ALBIN,
TIDIANE,
MUHAMMED,
NATHEO,
ALESSANDRO,
ANDRE,
MILI€N,
MANOA,
MATTHEW,
OLIVER,
GREGOIRE,
HEDI,
BALTHAZAR,
LOEVAN,
HADRIEN,
ARMEL,
ARIS,
HASSAN,
BEN,
TYAGO,
JONAH,
COLIN,
MARVIN,
ANDREW,
ELYES,
MAO,
KARL,
AYMERIC,
SOHANN,
MELVIN,
EUGENE,
AMADOU,
DAMIEN,
THAO,
JAROD,
EVANN,
ADIL,
THAIS,
LYHAM,
NOHAN,
SILAS,
NABIL,
NAHIL,
PHILIPPE,
MOHAMMAD,
MATIS,
PACOME,
MICHAEL,
LIHAM,
KEYLAN,
JIMMY,
ADRIEL,
AMJAD,
VIKTOR,
LOUAY,
MENZO,
KYLLIAN,
JAYSON,
DARIUS,
WAIL,
RYAD,
SAAD,
LELIO,
LOANN,
FRANCOIS,
JESSY,
FLAVIO,
ABDOUL,
SAMAEL,
SEBASTIEN,
VINCENT,
YLANN,
MAHER,
MAYEUL,
GABY,
FLORIAN,
AKRAM,
ZACHARY,
PRIAM,
MATYS,
MERLIN,
NELIO,
MEDINE,
REDA,
JOAN,
AIDEN,
YANNIS,
SELYAN,
LENI,
GUILLAUME,
HELIO,
KAHIL,
LYVIO,
LYLIO,
LOUCAS,
OLIVIER,
NATEO,
LAZARE,
ANAEL,
AKSIL,
CHRIS,
SIREN,
NEIL,
LOUCA,
ARNAUD,
TIMOTE,
KENNY,
CONSTANTIN,
MILHANE,
MOUSTAPHA,
JUAN,
KINGSLEY,
LAMINE,
BAKARY,
YOHAN,
LOUKAS,
NAHYL,
JOAQUIM,
IVAN,
ERIC,
AIME,
DAMIAN,
CONSTANT,
SOLAN,
MAHO,
HENRY,
ARIEL,
DJULIAN,
ADONIS,
LIZIO,
NAO,
KEYDEN,
KAYRON,
JEREMY,
AHMAD,
ADEN,
TYRON,
MAYRONN,
NOAN,
MUSTAFA,
MELVYN,
JAWAD,
MOHAMED-AMINE,
MELIH,
SALMAN,
JULYAN,
ILYANE,
RILEY,
JACK,
JUNIOR,
RAHIM,
BRAYAN,
SAMIR,
CAMIL,
ALPHONSE,
AEDAN,
ANASS,
SEKOU,
YONI,
ZYAD,
SAJID,
NOHA,
DAYAN,
CHRISTIAN,
NOHE,
MOHAMED-ALI,
LUC,
MALEK,
JULIO,
ILANN,
CHEIKH,
DARYL,
ZEPHYR,
NIZAR,
NATHANIEL,
KELIO,
ADRIANO,
BENOIT,
DANY,
AISSA,
MAHAMADOU,
MADY,
MIRAC,
EWAN,
FAHIM,
CHEICK,
ELIAN,
THYAM,
LUKE,
NIELS,
LOUNES,
HAKIM,
JOAO,
JOHANN,
ARISTIDE,
CHARLI,
YASIN,
MATEI,
AMAR,
ABRAHAM,
AEDEN,
ALY,
SAYAN,
MEHMET,
LIOR,
MICHEL,
IHSAN,
ABOUBAKAR,
BRADLEY,
CARL,
SOUHAYL,
TAYLOR,
MATT,
KAMERON,
ARCHIBALD,
ELON,
TERENCE,
VIRGILE,
NAE,
MANUEL,
FERDINAND,
KEZIAH,
JUDE,
AYMANE,
ALBERT,
CALIXTE,
SEBASTIAN,
NOUR,
GABRYEL,
EDWARD,
ELIAM,
ALLAN,
ALEZIO,
CURTIS,
SAID,
THYAGO,
XAVIER,
KAISS,
YUNUS,
SAUL,
SOULEYMEN,
MALICK,
MOUHAMMAD,
LOEN,
JORIS,
JOEY,
LAEL,
KELYO,
KENZI,
ANTONE,
EL,
ANDRIA,
BOUBACAR,
CALVIN,
CLARENCE,
AYRON,
ZAYAN,
YOURI,
LASSANA,
JUNAYD,
JOSE,
BADIS,
YACOUB,
VALENTINO,
LYES,
MAYLANN,
LORYS,
NOHLAN,
MARIO,
GIULIO,
HABIB,
AZAD,
DENIS,
SAMBA,
VIANNEY,
MAYSON,
MACEO,
JOSUE,
DAOUDA,
DJULYAN,
CELYAN,
YOUNESS,
VALERIAN,
ORSO,
ISAYAH,
GHALI,
JEREMIE,
ENOHA,
ISAAK,
ELIAKIM,
ALASSANE,
ALEXANDER,
ADAN,
ROHAN,
SAFWANE,
ZIYED,
TAHA,
NANS,
DEMBA,
AMIN,
ABDELLAH,
DONOVAN,
AZIZ,
PRINCE,
OTHMAN,
MATISSE,
KESSIM,
JOEL,
ERWANN,
IAN,
SAHEL,
WISSAM,
MOISE,
MARTY,
NADIR,
LEO-PAUL,
KAEL,
KHALID,
IMAD,
DAOUD,
TOMY,
WISSEM,
NOËM,
NYNO,
HEYDEN,
GATIEN,
EVEN,
KEO,
ABDELKADER,
EDEM,
BADR,
DAN,
BRAHIM,
SETH,
TOMAS,
RUDY,
NOUH,
MIKE,
FLORENT,
GUILHEM,
GINO,
ABDERRAHMANE,
CEDRIC,
YAMINE,
ZEYD,
SEVAN,
SOUHEYL,
SCOTT,
IMER,
MIKAEL,
OIHAN,
MATTHEO,
MAXIM,
IDRISSA,
KAAN,
JED,
ELY,
JOHN,
KELIAN,
CONNOR,
DRISS,
SALAH,
TYMAEL,
ORION,
OUSSAMA,
NESSIM,
LYZIO,
LIYAM,
EZEQUIEL,
ABDULLAH,
ASSIL,
AUREL,
WASSIL,
YOANN,
YLIAN,
STEPHANE,
LOUNIS,
LUQMAN,
YOAN,
KAIDEN,
YAHIA,
MAILO,
NELYO,
OMER,
MANI,
MARLONE,
EMRYS,
GAUTIER,
FIRAS,
ARTHUS,
AUXENCE,
ABDEL,
ALEXY,
MIKAIL,
STANLEY,
ESAIE,
YURI,
SOULAYMANE,
AIDAN,
OSMAN,
NAYAN,
MARLONN,
ILYAM,
ENEKO,
GENNARO,
KENZY,
JALIL,
EDAN,
AEL,
ALVARO,
DOMINIC,
SULEYMAN,
TYMAE,
STEVEN,
ODIN,
OUWAYS,
NIL,
LAYAN,
REMY,
ELYAM,
KIYAN,
DARREN,
DWAYNE,
DEAN,
CHRISTOPHER,
THIBAUD,
LEVY,
LYSSANDRO,
MAELO,
GIANNY,
BASTIAN,
YAZAN,
YLLAN,
MATHEIS,
THIERNO,
ZINEDINE,
MARCELIN,
KEREM,
ILIAS,
KILIAN,
ETHANN,
KALVIN,
ALARIC,
TILYO,
TIMOTHY,
BJIRN,
MAERON,
LEONCE,
MIKAIL,
MELCHIOR,
KINAN,
EMIN,
HARONE,
KHALIS,
EMILIANO,
GEORGE,
BILLY,
ALEXANDRU,
EDIZ,
VLADIMIR,
ZION,
TIMAO,
WAYNE,
SEYDOU,
MAYRONE,
MATHEIS,
LAYANN,
MOUHAMADOU,
PEDRO,
NESTA,
NAWFEL,
NINHO,
ILYASS,
GIANI,
AHMET,
ALOYS,
ALPHA,
SERGIO,
WAYATT,
TAHO,
MAHIR,
RIAD,
RIO,
JULYANN,
HARIS,
ELYAN,
KAELAN,
HONORE,
CONOR,
BARTHELEMY,
ANSELME,
DANI,
ARTUR,
SAJED,
TEDDY,
SALVADOR,
SOLANN,
RODRIGO,
YVAN,
THELYO,
NAIM,
JAMAL,
IZAAC,
JEAN-BAPTISTE,
GERMAIN,
JAHYAN,
ISAC,
CHRISTOPHE,
AYLANE,
AYAAN,
TYLIAN,
LYSANDRO,
MARLO,
OWENN,
MYLHAN,
HEAVEN,
ENSAR,
ILYESS,
FAEL,
GREGORY,
ISAAQ,
ELIZIO,
AYDIN,
ANDREI,
ARAS,
STEFAN,
TAHYS,
SALMANE,
YOUNOUS,
MAELANN,
MEWEN,
PRESTON,
MANEL,
MAJD,
LOEVANN,
PETER,
MALOE,
KYAN,
EYAD,
IZAC,
EZEL,
DANNY,
BERAT,
ANIR,
CYPRIEN,
ROCH,
YANISS,
SEYDINA,
LUCIAN,
LONY,
KELVIN,
ISAO,
KENDRICK,
JELANI,
KAIS,