JADE,
LOUISE,
EMMA,
ALICE,
AMBRE,
LINA,
ROSE,
CHLOE,
LEA,
MIA,
INES,
ANNA,
MILA,
JULIA,
ROMY,
LENA,
LOU,
ELENA,
AGATHE,
EVA,
JULIETTE,
ZOE,
INAYA,
NINA,
LEONIE,
JEANNE,
IRIS,
CHARLIE,
LOLA,
ADELE,
VICTOIRE,
MANON,
LUNA,
CAMILLE,
ROMANE,
LUCIE,
MARGAUX,
OLIVIA,
VICTORIA,
ALIX,
LOUNA,
MYA,
SOFIA,
CHARLOTTE,
SARAH,
GIULIA,
LYA,
MARGOT,
NOUR,
LYANA,
EMY,
ELISE,
THEA,
CAPUCINE,
CLEMENCE,
ALBA,
CLARA,
LANA,
AYA,
LYNA,
YASMINE,
GABRIELLE,
ALYA,
NELYA,
ALICIA,
ROXANE,
LEANA,
ZELIE,
MAELYS,
AMELIA,
LISE,
LILY,
MAYA,
MATHILDE,
LIVIA,
VALENTINE,
ANAIS,
APOLLINE,
THAIS,
LILA,
ASSIA,
HELOISE,
AVA,
JOY,
CELIA,
ALMA,
LILOU,
MARIA,
MAELLE,
CONSTANCE,
ELEONORE,
MELINA,
NOEMIE,
MARIE,
ANAE,
ELLA,
ELSA,
CELESTE,
LISA,
SALOME,
EMMY,
ELOISE,
ALBANE,
SOLINE,
ANDREA,
ELINE,
ELISA,
NORA,
ELINA,
MANEL,
DIANE,
JOSEPHINE,
GARANCE,
AMIRA,
FAUSTINE,
CANDICE,
TESSA,
SUZANNE,
MARYAM,
SARA,
NELIA,
ELYA,
LOUISA,
MAISSA,
ARIA,
ALIYAH,
ELLIE,
OCEANE,
AICHA,
HANNA,
ILYANA,
ARYA,
CATALEYA,
AMINA,
SOPHIA,
ELEA,
JENNAH,
ANAELLE,
JANA,
HANA,
EMNA,
LIYA,
LISON,
PAULINE,
EDEN,
JUDITH,
FATIMA,
JASMINE,
NAYA,
JENNA,
MELISSA,
MYLA,
NAELLE,
EMILIE,
ALIYA,
HELENA,
CAMELIA,
NINON,
MARIAM,
ELIA,
LOUANE,
DINA,
COLINE,
LILYA,
MADDY,
LAURA,
STELLA,
KIARA,
CALIE,
SELMA,
MAEVA,
ANA,
SERENA,
LEYNA,
HANAE,
LARA,
CLEA,
LILIA,
MAELYA,
LAYANA,
CHARLINE,
NAOMI,
KENZA,
NEYLA,
FATOUMATA,
SELENA,
CELESTINE,
VALENTINA,
JUSTINE,
JULIE,
LOUISON,
SAFIYA,
SOPHIE,
KHADIJA,
LEILA,
MELINE,
NORAH,
JANNAH,
MYRIAM,
CASSANDRE,
ELYNE,
SASHA,
LYANNA,
AUGUSTINE,
BILLIE,
ELYNA,
ASSYA,
TASNIM,
RAPHAELLE,
CHIARA,
JANNA,
SIRINE,
CASSIE,
LIA,
ANOUK,
LEYA,
OLYMPE,
HORTENSE,
MALIA,
AMINATA,
MAXINE,
HAFSA,
ANASTASIA,
CARLA,
ASMA,
MELIA,
TALIA,
LILY-ROSE,
JOYCE,
MAYSSA,
LEANE,
MELYA,
ENORA,
MAIA,
ILONA,
AYLINE,
AXELLE,
KELYA,
KAYLA,
JUNE,
LUCY,
ANGELINA,
MAIWENN,
SALMA,
RACHEL,
AURORE,
MIYA,
ALYSSA,
ANGELE,
AALIYAH,
HANNAH,
NAILA,
KAMILA,
HAWA,
AYLA,
ALIENOR,
YUNA,
TESS,
MADELEINE,
FLORA,
LIV,
NOOR,
PAOLA,
NAYLA,
LIANA,
CAMILA,
MAINA,
NOELIE,
MINA,
LIYAH,
ESMEE,
ISAURE,
EMILIA,
RUBY,
CLEO,
ALIA,
RYM,
LINE,
BRUNE,
SOUMAYA,
THALIA,
VIOLETTE,
CLEMENTINE,
MONA,
DIANA,
LEXIE,
IZIA,
ELEANORE,
ESTHER,
MARWA,
MALAK,
KESSY,
DAPHNE,
NAIA,
MALYA,
ABBY,
LYLOU,
LYAH,
PALOMA,
MAELINE,
MILLA,
EVE,
NOA,
MAELYNE,
GABRIELLA,
LEIA,
ELYANA,
ASSIYA,
IZIA,
MAELY,
ALIZEE,
AMALIA,
HIDAYA,
CLARISSE,
MAELIE,
ESMA,
ELISABETH,
SANA,
THELMA,
PIA,
LUCILE,
BLANCHE,
AMY,
EVY,
CHELSEA,
AMAYA,
ATHENA,
ALINE,
LILAS,
ROSALIE,
LUCIA,
KATALEYA,
TALYA,
ISRA,
NAOMIE,
ENOLA,
ASHLEY,
MERYEM,
ELIF,
CLOE,
BIANCA,
MIRA,
ARIANE,
WENDY,
ATHENAIS,
LEONORE,
ELIANA,
SHANNA,
MORGANE,
MAE,
OCTAVIA,
MAELIA,
LAYA,
IMANE,
ASSIL,
TESNIM,
ELEANOR,
NEILA,
SAFIA,
MELYNA,
ALESSIA,
ABIGAELLE,
GAIA,
SOLENE,
CASTILLE,
YOUSRA,
SAFA,
NOLA,
DANIA,
SELENE,
RANIA,
LYNE,
KYARA,
MIA,
AYNA,
LYLIA,
EMIE,
BERENICE,
LYLA,
JOHANNA,
HILONA,
ESTELLE,
AWA,
MARION,
MARILOU,
AYANA,
REBECCA,
ANAYA,
ALYAH,
FARAH,
ANISSA,
CARMEN,
ZAHRA,
PHILIPPINE,
Voici la liste demandée avec un retour à la ligne après chaque nom :

ISIS,
ROMIE,
TIANA,
AMEL,
ALEXANDRA,
YAELLE,
ROXANNE,
LAHNA,
IRINA,
CELINE,
AMELIE,
LEYLA,
HIND,
ALEXIA,
SIXTINE,
RITA,
EMA,
ELA,
MARIAMA,
HAJAR,
HALIMA,
ELEANA,
JULIANA,
LAIA,
PAULA,
MALOE,
KAMELIA,
GABRIELA,
YAEL,
TEA,
KELLY,
ISRAA,
CASSANDRA,
SYANA,
MELODY,
AISHA,
SIENNA,
MILENA,
GLORIA,
CLAIRE,
EUGENIE,
ALEYNA,
ZAYNAB,
ROSIE,
MAHAUT,
OUMOU,
LILI,
ASTRID,
AMANDINE,
SORAYA,
MELODIE,
INAYAH,
AZRA,
AICHA,
TASNIME,
MAYLINE,
ADELAIDE,
AINA,
SANAA,
LAYNA,
COLETTE,
FIRDAWS,
FANTA,
BERTILLE,
MAIMOUNA,
SHANA,
LUCE,
ANGELA,
SYRINE,
SIDRA,
MERIEM,
IMANY,
ROSA,
LYVIA,
FATOU,
AIDA,
MELLINA,
ABIGAEL,
ALYCIA,
LOIS,
SWANN,
AYLIN,
MAISSANE,
SIBYLLE,
MELYNE,
ALINA,
NAELYA,
MARIAME,
LYDIA,
APRIL,
ELAIA,
HELENE,
ANIA,
MIRAL,
HAILEY,
AELYS,
YARA,
IVY,
ANYA,
ZEYNEP,
PRUNE,
AGNES,
SUZIE,
CATALINA,
ANNAELLE,
NOELIA,
MELEK,
ALANA,
SIANA,
SAKINA,
MARLEY,
GIULIANA,
CALI,
AMELYA,
ADELIE,
NOELINE,
LEILA,
LAYLA,
LEHNA,
ARIANA,
LEINA,
JIHANE,
DAYANA,
NAWEL,
FANNY,
BINTOU,
BELLA,
LALY,
ENEA,
LYSE,
LAYANE,
TARA,
THALYA,
DJENNA,
SHAINA,
ZAYNEB,
LORENA,
LILLY,
LAURE,
YSEE,
TINA,
LIZEA,
JULINE,
CHARLIZE,
MARYLOU,
JOANA,
GRACE,
FLAVIE,
FLEUR,
MAILY,
SHAYNA,
MARIYA,
FLORE,
NELL,
LEONTINE,
EMILY,
AMALYA,
PENELOPE,
TIA,
LEONOR,
DJENA,
LUANA,
LEONA,
MAYLIE,
MERYL,
MAYSSANE,
MATHILDA,
MAYAR,
LEIA,
ZINA,
KHADIDJA,
ASYA,
SONIA,
MOLLY,
IRYS,
HIBA,
DALIA,
RAZANE,
NISA,
ELIZA,
DELIA,
DAHLIA,
MALIKA,
MARIANNE,
LINDA,
ELYSSA,
ZEYNEB,
NADA,
LILWENN,
CAMILIA,
AISSATA,
LINDSAY,
ERIN,
CLOTILDE,
ANNABELLE,
NAÏS,
NESRINE,
KELIA,
KADIATOU,
FREYA,
EYA,
DOUNIA,
ANNE,
YIŒNA,
TYANA,
MILANA,
JANNAT,
ILANA,
EMMIE,
SAJA,
ORLANE,
LEANNE,
DJENNAH,
DELYA,
CELYA,
YASMINA,
OMBELINE,
MELANIE,
MEDINA,
MARINA,
INNA,
BAYA,
ADRIANA,
WILLOW,
RIM,
NOELYA,
MAHAULT,
CALLIE,
BASMA,
ABIGAIL,
OPHELIE,
MAYLIS,
ANTONIA,
AIMEE,
LAÏNA,
RAHMA,
NEVA,
MAUD,
ISABELLE,
CASSY,
ARWEN,
LYNN,
LAYANAH,
DANA,
MOÏRA,
INAÏA,
ZOLA,
SEYANA,
MATILDA,
FATMA,
COLOMBE,
DEBORAH,
ALYSSIA,
MAÏLYS,
SOUJOUD,
SAMIRA,
NELLY,
LOUANA,
LEXA,
KAYNA,
KEYLA,
HABY,
BEATRICE,
SABRINA,
SALIMATA,
MYAH,
MADELINE,
LALIE,
JESSICA,
HOPE,
DAYNA,
CHAÏMA,
ZAÏNA,
NAHIA,
NADIA,
MARGUERITE,
CASSIOPEE,
KAÏNA,
AISSATOU,
MARINE,
KYLIE,
CIARA,
CLEOPHEE,
COUMBA,
MARAM,
MADY,
IRENE,
IMENE,
FATIMA-ZAHRA,
AZELIE,
ZOHRA,
SELINA,
RAYHANA,
MANELLE,
CHARLY,
BINTA,
ADA,
ORIANE,
NAYAH,
JOANNA,
JANELLE,
GINA,
ESLEM,
CLELIA,
ALAA,
AMANI,
AELA,
PHILOMENE,
KAYLEE,
JOANNE,
FERYEL,
EDITH,
ELOANE,
CAROLINE,
ASSA,
VANESSA,
SILOE,
SIRA,
SACHA,
HONORINE,
CECILE,
AIMY,
NAÏMA,
YOUSSRA,
NESSA,
MAYRA,
LUISA,
LIYANA,
KAMILIA,
ZELIA,
MELIE,
MEVA,
LIZA,
LOANE,
ISABELLA,
ESRA,
ERIKA,
ELIE,
ANAIS,
ORNELLA,
IMEN,
EILEEN,
ELIZABETH,
ELLY,
YAMINA,
YLONA,
TESNIME,
SENA,
SAVANNAH,
SAFYA,
NOLWENN,
MOANA,
MATILDE,
MARYA,
KIRA,
ILIANA,
EVIE,
ELYN,
CALYPSO,
TAÏNA,
LOUVE,
KASSY,
JOUDIA,
GAELLE,
AYLEEN,
AELIA,
TYA,
OLGA,
KAHINA,
ALEXIE,
ABYGAËLLE,
MAÏANA,
ABIGAÏL,
ZEYNAB,
SHELBY,
SHELSY,
NAOMY,
MYLENA,
LINAYA,
LILIE,
IVANA,
DARIA,
ADALINE,
MAÏRA,
MAEVE,
MADISON,
Bien sûr, voici la liste avec retour à la ligne :

LEXY,
KAWTAR,
INSAF,
ERELL,
ELISSA,
CHELSY,
AYAH,
CALISTA,
GRI‚CE,
YSIA,
ZINEB,
SOLVEIG,
RITAJ,
NEELA,
NALYA,
NELLIA,
LUCIANA,
LEYANA,
JANE,
INA,
HANIA,
DJENEBA,
ZOEY,
SCARLETT,
LEOPOLDINE,
KEREN,
KARA,
FATIMATA,
FERIEL,
EMELINE,
AISHA,
NOI›R,
THEANA,
NOELYNE,
LYSEA,
LEANNA,
JULYA,
FRANCESCA,
ASEL,
ANGELINE,
ABY,
MEI,
MALAIKA,
MARIE-LOU,
KELSY,
KAWTHAR,
KAYLIE,
FALLONE,
GHJULIA,
ERINE,
ELODIE,
CATALYA,
TANIA,
NIHEL,
NAELIA,
MAISSA,
MAYLA,
MAIMOUNA,
MAELA,
LAURINE,
HAZEL,
EVANA,
GABY,
CYRIELLE,
AURIANE,
BLEUENN,
YLIANA,
TAIS,
YELENA,
SYLIA,
SHERYNE,
SAFAA,
PERLE,
NAHLA,
NADINE,
MALEK,
MARIANA,
LAETITIA,
ILYANNA,
HANAA,
FELICIE,
ELONA,
ELYNN,
ARWA,
ANITA,
TAMARA,
RITEJ,
NATALIA,
NELLYA,
MELINDA,
LYSSANA,
LOUCIA,
LYHANA,
KHEIRA,
KALI,
IBTISSEM,
EMMANUELLE,
ASMAA,
AMBER,
SOUKAINA,
LAILA,
LOISE,
ZEYNA,
WASSILA,
SUZON,
SHERINE,
NICOLE,
NESS,
MARTHA,
LOELINE,
LINOA,
LAYAN,
GIANNA,
ELIYAH,
DANYA,
CORALIE,
BAYANE,
ANGE,
AMAIA,
ALAIA,
SOHANE,
OHANA,
NILA,
LISEA,
ISIA,
ELORA,
CASSIDY,
BRIANNA,
ALISSA,
KEISSY,
YOUNA,
ZAYNA,
TATIANA,
SYBILLE,
RAMATA,
MAENA,
MAXIME,
MARIEM,
LYRA,
LIZZIE,
KENDRA,
KATALINA,
KHALISSA,
KELLYA,
INAE,
HERMINE,
HELIA,
HINA,
ELYANNA,
DIVINE,
DALYA,
BLANDINE,
ARIELLE,
ANOUCK,
YASMIN,
YSE,
SANAE,
SAMIA,
ROSALIA,
NIHAL,
MAYANA,
MARA,
JULIANNA,
ERYNE,
DOMITILLE,
CYLIA,
CELINA,
TIPHAINE,
SERINE,
NAELYS,
MELYANA,
MADINA,
LIZ,
LYCIA,
LEAH,
FATIM,
ELIYA,
ENAYA,
DANAE,
CECILIA,
ARMANCE